,id,Photo_ArchivalDate,Photo_Provenance,Photo_KHI_Classification,Photo_AcquisitionDate,Photo_Photographer,Art_id0,Art_id_sublevel0,Art_type0,Art_title0,Art_GeoStyle0,Art_ActualState0,Art_Artist0,Art_GeoLocation0,Art_Institution0,Art_PhysLocation_Geo0,Art_PhysLocation_Name0,Art_Date0,Art_id1,Art_id_sublevel1,Art_type1,Art_title1,Art_GeoStyle1,Art_ActualState1,Art_Artist1,Art_GeoLocation1,Art_Institution1,Art_PhysLocation_Geo1,Art_PhysLocation_Name1,Art_Date1,Art_id2,Art_id_sublevel2,Art_type2,Art_title2,Art_GeoStyle2,Art_ActualState2,Art_Artist2,Art_GeoLocation2,Art_Institution2,Art_PhysLocation_Geo2,Art_PhysLocation_Name2,Art_Date2,Artist_wd_nameprep
0,13551,1912,"Buerkel, Ludwig von",Mal. Ren.,vor 1903,Hanfstaengl,70010647,,Bild,"['Noli me tangere', 'Christus erscheint Maria Magdalena']",,,Tizian,London,National Gallery,,,um 1514,,,,,,,,,,,,,,,,,,,,,,,,,Tizian
1,13126,1912,"Buerkel, Ludwig von",Mal. Ren.,vor 1897,Hanfstaengl,07705412,,Bild,Berufung der Söhne des Zebedäus,,,"Basaiti, Marco",Wien,Kunsthistorisches Museum,,,,,,,,,,,,,,,,,,,,,,,,,,,,Marco Basaiti
4,13433,1912,"Buerkel, Ludwig von",Mal. Ren.,vor 1903,Hanfstaengl,70013046,,Bild,Maria mit dem Kind und den heiligen Katharina und Jakobus der Ältere,,,"Lotto, Lorenzo",Wien,Kunsthistorisches Museum Wien,,,1527/1533,,,,,,,,,,,,,,,,,,,,,,,,,Lorenzo Lotto
12,13527,1912,"Buerkel, Ludwig von",Mal. Ren.,vor 1903,Brogi,70013208,,Bild,Die heilige Lucia,,,Salvo di Antonio,Messina,Museo Regionale di Messina,Messina,Chiesa di Santa Lucia,1591,,,,,,,,,,,,,,,,,,,,,,,,,Salvo di Antonio
13,13202,1912,"Buerkel, Ludwig von",Mal. Ren.,vor 1912,Hanfstaengl,07703528,,Bild,Maria mit dem Kind,,,"Lippi, Filippino",Berlin,Staatliche Museen zu Berlin - Preußischer Kulturbesitz,,,um 1475/1480,,,,,,,,,,,,,,,,,,,,,,,,,Filippino Lippi
14,13676,1912,"Buerkel, Ludwig von",Mal. Bar.,vor 1902,Bruckmann,70012991,,Bild,Semiramis und der Bote,,zerstört,Guercino,Dresden,Gemäldegalerie Alte Meister Dresden,,,1627/1628,,,,,,,,,,,,,,,,,,,,,,,,,Guercino
15,13308,1912,"Buerkel, Ludwig von",Mal. Ren.,1899,Bruckmann,07701900,,Bild,Weibliches Brustbild (Lucrezia Borgia?),,,Bartolomeo Veneto,Frankfurt (Main),Städelsches Kunstinstitut und Städtische Galerie,,,,,,,,,,,,,,,,,,,,,,,,,,,,Bartolomeo Veneto
17,13661,1912,"Buerkel, Ludwig von",Mal. Bar.,vor 1878,Brogi,70013021,,Bild,Ecce Homo,,,Guercino,Turin,Galleria Sabauda,,,1659,,,,,,,,,,,,,,,,,,,,,,,,,Guercino
18,13532,1912,"Buerkel, Ludwig von",Mal. Ren.,vor 1912,Alinari,70013033,,Bild,Die heilige Familie,,,"Salimbeni, Ventura",Florenz,"Galleria Palatina, Palazzo Pitti",,,,,,,,,,,,,,,,,,,,,,,,,,,,Ventura Salimbeni
23,13493,1912,"Buerkel, Ludwig von",Mal. Ren.,vor 1899,Anderson,07700713,,Zyklus,Freskenzyklus,,,Sebastiano del Piombo,Rom,San Pietro in Montorio,Rom,San Pietro in Montorio,1516/1524,,"07700713,T,005",Wandbild,Geißelung Christi,,,,,,,,,,,,,,,,,,,,,Sebastiano del Piombo
25,13434,1912,"Buerkel, Ludwig von",Mal. Ren.,vor 1912,Fiorentini,70013045,,Bild,Mann mit Tierpranke,,,"Lotto, Lorenzo",Wien,Kunsthistorisches Museum Wien,,,1524/1525,,,,,,,,,,,,,,,,,,,,,,,,,Lorenzo Lotto
27,13460,1912,"Buerkel, Ludwig von",Mal. Ren.,vor 1876,Alinari,70013154,,Bild,Verkündigung,,,"Venusti, Marcello",Rom,"Galleria Nazionale d'Arte Antica, Palazzo Corsini",,,1551/1560,,,,,,,,,,,,,,,,,,,,,,,,,Marcello Venusti
28,13408,1912,"Buerkel, Ludwig von",Mal. Ren.,vor 1896,Alinari,70013156,,Bild,Die heilige Familie mit dem Johannesknaben,,,"Pisano, Nicola (1484)",Florenz,Galleria degli Uffizi,,,,,,,,,,,,,,,,,,,,,,,,,,,,Nicola Pisano
30,13566,1912,"Buerkel, Ludwig von",Mal. Ren.,vor 1894,"Tamme, Rudolph",70013035,,Bild,"Bildnis der Tochter Tizians, Lavinia",,,Tizian,Dresden,Gemäldegalerie Alte Meister Dresden,,,um 1561,,,,,,,,,,,,,,,,,,,,,,,,,Tizian
32,13435,1912,"Buerkel, Ludwig von",Mal. Ren.,vor 1912,Fiorentini,70013047,,Bild,Bildnis eines Goldschmiedes in drei Ansichten,,,"Lotto, Lorenzo",Wien,Kunsthistorisches Museum Wien,,,1525/1535,,,,,,,,,,,,,,,,,,,,,,,,,Lorenzo Lotto
36,13341,1912,"Buerkel, Ludwig von",Mal. Ren.,vor 1897,Hanfstaengl,70013059,,Bild,Darbringung Christi im Tempel,,,Bartolommeo (Fra),Wien,Kunsthistorisches Museum Wien,Florenz,San Marco,1516,,,,,,,,,,,,,,,,,,,,,,,,,Fra Bartolommeo
39,13284,1912,"Buerkel, Ludwig von",Mal. Ren.,vor 1908,Alinari,07770246,,Altarbild,"Krönung Mariens mit den Heiligen Fina, Augustinus, Bartholus, Gimignano, Hieronymus und Nikolaus von Tolentino",,,"Pollaiuolo, Piero di Jacopo d'Antonio Benci del",San Gimignano,Sant'Agostino,San Gimignano,Sant'Agostino,1483,,,,,,,,,,,,,,,,,,,,,,,,,Piero di Jacopo d'Antonio Benci del Pollaiuolo
43,13397,1912,"Buerkel, Ludwig von",Mal. Ren.,1899,"Tamme, Rudolph",07858122,,Bild,Madonna des heiligen Sebastian,,,Correggio,Dresden,Staatliche Kunstsammlungen Dresden,,,um 1524,,,,,,,,,,,,,,,,,,,,,,,,,Correggio
47,13530,1912,"Buerkel, Ludwig von",Mal. Ren.,vor 1899,Anderson,70013209,,Bild,Bacchanal,,,"Giordano, Luca",Rom,Villa Albani,Rom,Villa Albani,,,,,,,,,,,,,,,,,,,,,,,,,,Luca Giordano
48,13657,1912,"Buerkel, Ludwig von",Mal. Bar.,vor 1902,Bruckmann,70012992,,Bild,Lot mit seinen Töchtern,,,Guercino,Dresden,Gemäldegalerie Alte Meister Dresden,,,1650,,,,,,,,,,,,,,,,,,,,,,,,,Guercino
49,13400,1912,"Buerkel, Ludwig von",Mal. Ren.,vor 1912,unbekannt,70013010,,Bild,Die heilige Nacht,,,Correggio,Dresden,Gemäldegalerie Alte Meister Dresden,,,1522/1530,,,,,,,,,,,,,,,,,,,,,,,,,Correggio
52,13689,1912,"Buerkel, Ludwig von",Mal. Bar.,vor 1903,Brogi,70013022,,Bild,"Die heilige Theresia mit den heiligen Albert von Jerusalem, Joseph und Maria mit Kind",,zerstört,Guercino,Messina,San Gregorio,Messina,San Gregorio,1659,,,,,,,,,,,,,,,,,,,,,,,,,Guercino
53,13366,1912,"Buerkel, Ludwig von",Mal. Ren.,vor 1912,Alinari,70013034,,Bild,Grablegung Christi,,,"Salviati, Francesco",Florenz,"Galleria Palatina, Palazzo Pitti",,,,,,,,,,,,,,,,,,,,,,,,,,,,Francesco Salviati
58,13477,1912,"Buerkel, Ludwig von",Mal. Ren.,1900,"Tamme, Rudolph",07702806,,Bild,"Maria mit dem Kinde, Johannes dem Täufer und der heiligen Katharina",,,"Palma, Jacopo (1480)",Dresden,Staatliche Kunstsammlungen Dresden,,,,,,,,,,,,,,,,,,,,,,,,,,,,Jacopo Palma
60,13482,1912,"Buerkel, Ludwig von",Mal. Ren.,vor 1903,Hanfstaengl,70013131,,Bild,Frauenbildnis,,,"Lotto, Lorenzo",,unbekannt,,,,,,,,,,,,,,,,,,,,,,,,,,,,Lorenzo Lotto
61,13558,1912,"Buerkel, Ludwig von",Mal. Ren.,1899,unbekannt,07703013,,Bild,Kopf eines jungen Mannes mit rotem Barett,,,Tizian,Frankfurt (Main),Städelsches Kunstinstitut und Städtische Galerie,,,1516,,,,,,,,,,,,,,,,,,,,,,,,,Tizian
62,13564,1912,"Buerkel, Ludwig von",Mal. Ren.,vor 1912,,07703025,,Bild,Bildnis eines bärtigen jungen Mannes,,,Tizian,Berlin,Staatliche Museen zu Berlin - Preußischer Kulturbesitz,,,um 1525/1530,,,,,,,,,,,,,,,,,,,,,,,,,Tizian
72,13518,1912,"Buerkel, Ludwig von",Mal. Ren.,vor 1899,Anderson,07503992,,Zyklus,Szenen zum Alten Testament,,,Raffael,Vatikan,Palazzi Vaticani,Vatikan,Palazzi Vaticani,1517-1519,,"07503992,T,004",Gewölbebild,Erschaffung der Tiere,,,,,,,,,,,,,,,,,,,,,Raffael
74,13516,1912,"Buerkel, Ludwig von",Mal. Ren.,vor 1899,Anderson,07503992,,Zyklus,Szenen zum Alten Testament,,,Raffael,Vatikan,Palazzi Vaticani,Vatikan,Palazzi Vaticani,1517-1519,,"07503992,T,005",Gewölbebild,Erschaffung Evas,,,Raffael,,,,,,,,,,,,,,,,,,Raffael
78,13515,1912,"Buerkel, Ludwig von",Mal. Ren.,vor 1899,Anderson,07503992,,Zyklus,Szenen zum Alten Testament,,,Raffael,Vatikan,Palazzi Vaticani,Vatikan,Palazzi Vaticani,1517-1519,,"07503992,T,007",Gewölbebild,Vertreibung aus dem Paradies,,,Raffael,,,,,,,,,,,,,,,,,,Raffael
90,13522,1912,"Buerkel, Ludwig von",Mal. Ren.,vor 1899,Anderson,07503992,,Zyklus,Szenen zum Alten Testament,,,Raffael,Vatikan,Palazzi Vaticani,Vatikan,Palazzi Vaticani,1517-1519,,"07503992,T,015",Gewölbebild,Abraham und die drei Engel,,,Raffael,,,,,,,,,,,,,,,,,,Raffael
91,13519,1912,"Buerkel, Ludwig von",Mal. Ren.,vor 1899,Anderson,07503992,,Zyklus,Szenen zum Alten Testament,,,Raffael,Vatikan,Palazzi Vaticani,Vatikan,Palazzi Vaticani,1517-1519,,"07503992,T,016",Gewölbebild,Lot und seine Familie fliehen,,,,,,,,,,,,,,,,,,,,,Raffael
104,13523,1912,"Buerkel, Ludwig von",Mal. Ren.,vor 1899,Anderson,07503992,,Zyklus,Szenen zum Alten Testament,,,Raffael,Vatikan,Palazzi Vaticani,Vatikan,Palazzi Vaticani,1517-1519,,"07503992,T,022",Gewölbebild,Jakob und Rahel am Brunnen,,,Raffael,,,,,,,,,,,,,,,,,,Raffael
110,13517,1912,"Buerkel, Ludwig von",Mal. Ren.,vor 1899,Anderson,07503992,,Zyklus,Szenen zum Alten Testament,,,Raffael,Vatikan,Palazzi Vaticani,Vatikan,Palazzi Vaticani,1517-1519,,"07503992,T,025",Gewölbebild,Joseph erzählt den Brüdern seine Träume,,,,,,,,,,,,,,,,,,,,,Raffael
117,13521,1912,"Buerkel, Ludwig von",Mal. Ren.,vor 1899,Anderson,07503992,,Zyklus,Szenen zum Alten Testament,,,Raffael,Vatikan,Palazzi Vaticani,Vatikan,Palazzi Vaticani,1517-1519,,"07503992,T,028",Gewölbebild,Joseph deutet Pharaos Träume,,,,,,,,,,,,,,,,,,,,,Raffael
119,13520,1912,"Buerkel, Ludwig von",Mal. Ren.,vor 1899,Anderson,07503992,,Zyklus,Szenen zum Alten Testament,,,Raffael,Vatikan,Palazzi Vaticani,Vatikan,Palazzi Vaticani,1517-1519,,"07503992,T,029",Gewölbebild,Auffindung des Mosesknaben,,,Raffael,,,,,,,,,,,,,,,,,,Raffael
162,13651,1912,"Buerkel, Ludwig von",Mal. Bar.,vor 1903,Hanfstaengl,70013024,,Bild,Christus und die Ehebrecherin,,,Guercino,London,Dulwich College Picture Gallery,,,um 1621,,,,,,,,,,,,,,,,,,,,,,,,,Guercino
164,13559,1912,"Buerkel, Ludwig von",Mal. Ren.,vor 1897,Hanfstaengl,70013036,,Bild,Mädchen im Pelz,,,Tizian,Wien,Kunsthistorisches Museum Wien,,,um 1535,,,,,,,,,,,,,,,,,,,,,,,,,Tizian
171,13124,1912,"Buerkel, Ludwig von",Mal. Ren.,vor 1897,,07702861,,Bild,Bildnis eines jungen Mannes,,,"Lotto, Lorenzo",Wien,Kunsthistorisches Museum,,,1506/1508,,,,,,,,,,,,,,,,,,,,,,,,,Lorenzo Lotto
175,13459,1912,"Buerkel, Ludwig von",Mal. Ren.,vor 1912,"Löwy, Josef",70013048,,Bild,Christus am Ölberg,,,"Venusti, Marcello",Wien,Kunsthistorisches Museum Wien,,,1560/1570,,,,,,,,,,,,,,,,,,,,,,,,,Marcello Venusti
176,13382,1912,"Buerkel, Ludwig von",Mal. Bar.,vor 1912,Brogi,07874525,,Bild,Die heilige Franziska Romana mit Engel,,,"Galli, Giovanni Antonio",Genua,Palazzo Rosso,Genua,Palazzo Rosso,,,,,,,,,,,,,,,,,,,,,,,,,,Giovanni Antonio Galli
177,13679,1912,"Buerkel, Ludwig von",Mal. Bar.,vor 1903,Hanfstaengl,70012993,,Bild,Heiliger Hieronymus in der Wüste,,,Guercino,Sankt Petersburg,Staatliche Ermitage,,,1650,,,,,,,,,,,,,,,,,,,,,,,,,Guercino
178,13693,1912,"Buerkel, Ludwig von",Mal. Bar.,vor 1903,Hanfstaengl,70012981,,Bild,Maria mit Kind,,,Guercino,Magdeburg,Kunstmuseum,,,1624,,,,,,,,,,,,,,,,,,,,,,,,,Guercino
179,13496,1912,"Buerkel, Ludwig von",Mal. Ren.,vor 1899,Bruckmann,70013091,,Bild,Bildnis einer Dame,,,"Kempeneer, Peter de",Frankfurt,Städel Museum,,,1522/1524,,,,,,,,,,,,,,,,,,,,,,,,,Peter de Kempeneer
180,13431,1912,"Buerkel, Ludwig von",Mal. Ren.,vor 1901,Anderson,70013011,,Bild,Der heilige Hieronymus als Büßer,,,"Lotto, Lorenzo",Rom,Galleria Doria Pamphilj,,,1522/1530,,,,,,,,,,,,,,,,,,,,,,,,,Lorenzo Lotto
181,13696,1912,"Buerkel, Ludwig von",Mal. Bar.,vor 1903,Hanfstaengl,70013023,,Bild,Semiramis wird zu den Waffen gerufen,,,Guercino,London,Christie's,,,1645,,,,,,,,,,,,,,,,,,,,,,,,,Guercino
182,13281,1912,"Buerkel, Ludwig von",Mal. Ren.,vor 1896,Alinari,70013120,,Zyklus,"Szenen aus den Taten des Herkules: Herkules kämpft mit der Hydra, Herkules und Antaeus",,,"Pollaiuolo, Antonio di Jacopo d'Antonio del",Florenz,Galleria degli Uffizi,,,um 1470,,,,,,,,,,,,,,,,,,,,,,,,,Antonio del Pollaiuolo
192,13333,1912,"Buerkel, Ludwig von",Mal. Ren.,vor 1911,Alinari,70005146,,Bild,Bacchanal,,,"Balducci, Matteo",Gubbio,Museo Civico Palazzo dei Consoli,,,1501/1550,,,,,,,,,,,,,,,,,,,,,,,,,Matteo Balducci
193,13484,1912,"Buerkel, Ludwig von",Mal. Ren.,vor 1903,Hanfstaengl,07702799,,Bild,Maria mit Kind und Heiligen,,,"Palma, Jacopo (1480)",Wien,Kunsthistorisches Museum,,,um 1520/1525,,,,,,,,,,,,,,,,,,,,,,,,,Jacopo Palma
194,13570,1912,"Buerkel, Ludwig von",Mal. Ren.,vor 1903,Hanfstaengl,07702896,,Bild,Sogenanntes Bildnis des Arztes Parma,,,Tizian,Wien,Kunsthistorisches Museum,,,um 1515/1520,,,,,,,,,,,,,,,,,,,,,,,,,Tizian
198,13405,1912,"Buerkel, Ludwig von",Mal. Ren.,vor 1894,"Tamme, Rudolph",70013013,,Bild,"Disputation der Immaculata Conceptio mit den heiligen Anselmus, Agustinus, Hieronymus und Ambrosius",,zerstört,"Dossi, Dosso",Dresden,Gemäldegalerie Alte Meister Dresden,,,,,,,,,,,,,,,,,,,,,,,,,,,,Dosso Dossi
199,13652,1912,"Buerkel, Ludwig von",Mal. Bar.,vor 1903,Hanfstaengl,70013025,,Bild,Die libysche Sibylle,,,Guercino,London,"Windsor Castle, Royal Art Collection",,,1651,,,,,,,,,,,,,,,,,,,,,,,,,Guercino
200,13491,1912,"Buerkel, Ludwig von",Mal. Ren.,vor 1899,Anderson,70010547,,Zyklus,Szenen aus dem Marienleben,,,"Peruzzi, Baldassare",Rom,Sant'Onofrio al Gianicolo,Rom,Sant'Onofrio al Gianicolo,1504/1506,,,,,,,,,,,,,,,,,,,,,,,,,Baldassare Peruzzi
218,13603,1912,"Buerkel, Ludwig von",Mal. Bar.,vor 1912,Reali,70013037,,Bild,David mit dem Haupt des Goliath,,,"Caletti, Giuseppe",,unbekannt,,,1600/1669,,,,,,,,,,,,,,,,,,,,,,,,,Giuseppe Caletti
219,13396,1912,"Buerkel, Ludwig von",Mal. Ren.,vor 1898,"Tamme, Rudolph",70013049,,Bild,Madonna des heiligen Franziskus,,,Correggio,Dresden,Gemäldegalerie Alte Meister Dresden,,,1514/1515,,,,,,,,,,,,,,,,,,,,,,,,,Correggio
224,13671,1912,"Buerkel, Ludwig von",Mal. Bar.,vor 1903,Hanfstaengl,07501095,,Bild,Zwei Engel beweinen den toten Christus,,,Guercino,London,National Gallery,,,1617/1618,,,,,,,,,,,,,,,,,,,,,,,,,Guercino
226,13670,1912,"Buerkel, Ludwig von",Mal. Bar.,vor 1903,Hanfstaengl,70012982,,Bild,Susanna im Bade,,,Guercino,München,Bayerische Staatsgemäldesammlung,,,nach 1617,,,,,,,,,,,,,,,,,,,,,,,,,Guercino
227,13464,1912,"Buerkel, Ludwig von",Mal. Ren.,vor 1899,Bruckmann,70013080,,Bild,Thronende Madonna mit Kind und vier Kirchenvätern,,,"Moretto, Alessandro",Frankfurt,Städel Museum,,,,,,,,,,,,,,,,,,,,,,,,,,,,Alessandro Moretto
228,13369,1912,"Buerkel, Ludwig von",Mal. Bar.,vor 1897,Bruckmann,70013092,,Bild,Männliches Bildnis,,,"Carracci, Agostino",München,Alte Pinakothek München,,,,,,,,,,,,,,,,,,,,,,,,,,,,Agostino Carracci
231,13685,1912,"Buerkel, Ludwig von",Mal. Bar.,vor 1902,Bruckmann,70013000,,Bild,Der Evangelist Lukas,,,Guercino,Dresden,Gemäldegalerie Alte Meister Dresden,,,um 1615,,,,,,,,,,,,,,,,,,,,,,,,,Guercino
232,13432,1912,"Buerkel, Ludwig von",Mal. Ren.,vor 1899,Anderson,70013012,,Bild,Madonna mit Kind und den heiligen Ignatius von Antiochien und Onuphrius,,,"Lotto, Lorenzo",Rom,Galleria Borghese,,,1508,,,,,,,,,,,,,,,,,,,,,,,,,Lorenzo Lotto
234,13681,1912,"Buerkel, Ludwig von",Mal. Bar.,vor 1903,Hanfstaengl,70012979,,Bild,Die Reue des heiligen Petrus,,,Guercino,Neapel,Museo e Gallerie Nazionali di Capodimonte,,,1650/1680,,,,,,,,,,,,,,,,,,,,,,,,,Guercino
235,13289,1912,"Buerkel, Ludwig von",Mal. Ren.,vor 1896,Alinari,70013119,,Bild,Temperantia,,,"Pollaiuolo, Antonio di Jacopo d'Antonio del",Florenz,Galleria degli Uffizi,,,1469/1470,,,,,,,,,,,,,,,,,,,,,,,,,Antonio del Pollaiuolo
236,13573,1912,"Buerkel, Ludwig von",Mal. Ren.,vor 1897,Anderson,70013107,,Bild,Der Tod der heiligen Cäcilia,,,"Vanni, Francesco (1563)",Rom,Santa Cecilia in Trastevere,Rom,Santa Cecilia in Trastevere,,,,,,,,,,,,,,,,,,,,,,,,,,Francesco Vanni
237,13771,1912,"Buerkel, Ludwig von",Mal. Bar.,vor 1903,Hanfstaengl,70013204,,Bild,Veduta von Santa Maria della Salute in Venedig,,,Canaletto,Berlin,Kaiser-Friedrich-Museum,,,,,,,,,,,,,,,,,,,,,,,,,,,,Canaletto
238,13239,1912,"Buerkel, Ludwig von",Mal. Ren.,vor 1912,Alinari,07960117,,Altarbild,Verkündigung,,,"Donzelli, Pietro (1451)",Florenz,Santo Spirito,Florenz,Santo Spirito,vor 1498.12.22,,,,,,,,,,,,,,,,,,,,,,,,,Pietro Donzelli
240,13360,1912,"Buerkel, Ludwig von",Mal. Ren.,vor 1903,Hanfstaengl,70013053,,Bild,Bildnis eines jungen Mannes,,,"Allori, Alessandro",Berlin,"Gemäldegalerie, Staatliche Museen zu Berlin - Preußischer Kulturbesitz",,,,,,,,,,,,,,,,,,,,,,,,,,,,Alessandro Allori
241,13162,1912,"Buerkel, Ludwig von",Mal. Ren.,vor 1903,Hanfstaengl,70013065,,Bild,Die Weihe des heiligen Stephanus zum Diakon,,,"Carpaccio, Vittore",Berlin,"Gemäldegalerie, Staatliche Museen zu Berlin - Preußischer Kulturbesitz",,,1511,,,,,,,,,,,,,,,,,,,,,,,,,Vittore Carpaccio
244,13346,1912,"Buerkel, Ludwig von",Mal. Ren.,vor 1901,Anderson,07500795,,Zyklus,Schlafzimmerausstattung mit Themen der römischen Geschichte,,Fragment,"Beccafumi, Domenico",Rom,Galleria Doria Pamphilj,Siena,Casa Petrucci,um 1519,,"07500795,T,002",Bild,"Cornelia, Mutter der Gracchen",,,,Rom,Galleria Doria Pamphilj,,,,,,,,,,,,,,,,Domenico Beccafumi
253,13395,1912,"Buerkel, Ludwig von",Mal. Ren.,vor 1899,Bruckmann,70013089,,Bild,Madonna mit Kind und Johannesknaben,,,Correggio,Frankfurt (Main),Städel Museum,,,um 1522,,,,,,,,,,,,,,,,,,,,,,,,,Correggio
264,13701,1912,"Buerkel, Ludwig von",Mal. Bar.,vor 1907,Brogi,07503029,,Gewölbedekoration,Allegorien der Tageszeiten,,,Guercino,Rom,Villa Ludovisi,Rom,Villa Ludovisi,1621,,"07503029,T,001",Deckenbild,Aurora und ihr Gefolge,,,Guercino,,,,,,,,,,,,,,,,,,Guercino
265,13700,1912,"Buerkel, Ludwig von",Mal. Bar.,vor 1907,Brogi,07503029,,Gewölbedekoration,Allegorien der Tageszeiten,,,Guercino,Rom,Villa Ludovisi,Rom,Villa Ludovisi,1621,,"07503029,T,001",Deckenbild,Aurora und ihr Gefolge,,,Guercino,,,,,,,,,,,,,,,,,,Guercino
269,13699,1912,"Buerkel, Ludwig von",Mal. Bar.,vor 1912,Brogi,07503029,,Gewölbedekoration,Allegorien der Tageszeiten,,,Guercino,Rom,Villa Ludovisi,Rom,Villa Ludovisi,1621,,"07503029,T,001",Deckenbild,Aurora und ihr Gefolge,,,Guercino,,,,,,,,,,,,,,,,,,Guercino
276,13704,1912,"Buerkel, Ludwig von",Mal. Bar.,vor 1912,Brogi,07503029,,Gewölbedekoration,Allegorien der Tageszeiten,,,Guercino,Rom,Villa Ludovisi,Rom,Villa Ludovisi,1621,,"07503029,T,001",Deckenbild,Aurora und ihr Gefolge,,,Guercino,,,,,,,,,,,,,,,,,,Guercino
279,13698,1912,"Buerkel, Ludwig von",Mal. Bar.,vor 1912,Brogi,07503029,,Gewölbedekoration,Allegorien der Tageszeiten,,,Guercino,Rom,Villa Ludovisi,Rom,Villa Ludovisi,1621,,"07503029,T,002",Bild,Allegorie des Tages,,,Guercino,,,,,,,,,,,,,,,,,,Guercino
282,13697,1912,"Buerkel, Ludwig von",Mal. Bar.,vor 1912,Brogi,07503029,,Gewölbedekoration,Allegorien der Tageszeiten,,,Guercino,Rom,Villa Ludovisi,Rom,Villa Ludovisi,1621,,"07503029,T,003",Bild,Allegorie der Nacht,,,Guercino,,,,,,,,,,,,,,,,,,Guercino
284,13702,1912,"Buerkel, Ludwig von",Mal. Bar.,vor 1912,Brogi,07503029,,Gewölbedekoration,Allegorien der Tageszeiten,,,Guercino,Rom,Villa Ludovisi,Rom,Villa Ludovisi,1621,,"07503029,T,003",Bild,Allegorie der Nacht,,,Guercino,,,,,,,,,,,,,,,,,,Guercino
285,13703,1912,"Buerkel, Ludwig von",Mal. Bar.,vor 1912,Brogi,07503029,,Gewölbedekoration,Allegorien der Tageszeiten,,,Guercino,Rom,Villa Ludovisi,Rom,Villa Ludovisi,1621,,"07503029,T,003",Bild,Allegorie der Nacht,,,Guercino,,,,,,,,,,,,,,,,,,Guercino
286,13648,1912,"Buerkel, Ludwig von",Mal. Bar.,vor 1912,Reali,70013198,,Bild,Das Urteil Salomos,,,"Giordano, Luca",,unbekannt,,,,,,,,,,,,,,,,,,,,,,,,,,,,Luca Giordano
287,13490,1912,"Buerkel, Ludwig von",Mal. Ren.,vor 1897,Hanfstaengl,07700959,,Bild,Bogenschnitzender Amor,,,Parmigianino,Wien,Kunsthistorisches Museum,,,1531-1534,,,,,,,,,,,,,,,,,,,,,,,,,Parmigianino
288,13419,1912,"Buerkel, Ludwig von",Mal. Ren.,vor 1894,Hanfstaengl,70013041,,Altarbild,Der büßende heilige Hieronymus,,,Garofalo,Berlin,"Gemäldegalerie, Staatliche Museen zu Berlin - Preußischer Kulturbesitz",,,,,,,,,,,,,,,,,,,,,,,,,,,,Garofalo
289,13625,1912,"Buerkel, Ludwig von",Mal. Franz.,vor 1912,unbekannt,70013079,,Bild,Flusslandschaft mit Figuren,,,"Dughet, Gaspard",Rom,Galleria Colonna,,,,,,,,,,,,,,,,,,,,,,,,,,,,Gaspard Dughet
291,13607,1912,"Buerkel, Ludwig von",Mal. Bar.,vor 1912,unbekannt,70013108,,Bild,Selbstbildnis des Künstlers,,,"Carpioni, Giulio (der Ältere)",Mailand,Pinacoteca di Brera,,,,,,,,,,,,,,,,,,,,,,,,,,,,Giulio Carpioni
292,13774,1912,"Buerkel, Ludwig von",Mal. Bar.,vor 1912,unbekannt,70013205,,Bild,Der Engel der Barmherzigkeit,,,"Highmore, Joseph (1692)",New Haven (Connecticut),Yale Center for British Art,,,,,,,,,,,,,,,,,,,,,,,,,,,,Joseph Highmore
294,13358,1912,"Buerkel, Ludwig von",Mal. Ren.,vor 1912,Alinari,07601157,,Bild,Eleonora da Toledo mit ihrem Sohn Francesco,,,"Bronzino, Agnolo",Florenz,Galleria degli Uffizi,,,1545,,,,,,,,,,,,,,,,,,,,,,,,,Agnolo Bronzino
297,13561,1912,"Buerkel, Ludwig von",Mal. Ren.,vor 1903,Hanfstaengl,07700924,,Bild,Christus und die Ehebrecherin,,unvollendet,Tizian,Wien,Kunsthistorisches Museum,,,um 1511,,,,,,,,,,,,,,,,,,,,,,,,,Tizian
302,13416,1912,"Buerkel, Ludwig von",Mal. Ren.,vor 1912,Alinari,70013042,,Bild,Die Tiburtinische Sybille und Augustus,,,Garofalo,Florenz,"Galleria Palatina, Palazzo Pitti",,,,,,,,,,,,,,,,,,,,,,,,,,,,Garofalo
305,13481,1912,"Buerkel, Ludwig von",Mal. Ren.,vor 1903,Hanfstaengl,70013054,,Bild,Bildnis einer Frau,,,"Cariani, Giovanni",Wien,Kunsthistorisches Museum Wien,,,um 1530/1535,,,,,,,,,,,,,,,,,,,,,,,,,Giovanni Cariani
307,13479,1912,"Buerkel, Ludwig von",Mal. Ren.,vor 1903,Hanfstaengl,70013066,,Bild,Bildnis einer jungen Frau,,,"Palma, Jacopo (1480)",Wien,Kunsthistorisches Museum Wien,,,1512/1514,,,,,,,,,,,,,,,,,,,,,,,,,Jacopo Palma
308,13583,1912,"Buerkel, Ludwig von",Mal. Ren.,vor 1903,Brogi,70013078,,Bild,Das goldene Zeitalter,,,"Zucchi, Jacopo",Florenz,Galleria degli Uffizi,,,,,,,,,,,,,,,,,,,,,,,,,,,,Jacopo Zucchi
309,13695,1912,"Buerkel, Ludwig von",Mal. Bar.,vor 1903,Hanfstaengl,70013199,,Bild,Madonna mit Kind,,,Guercino,Chatsworth House,Devonshire Collection,,,,,,,,,,,,,,,,,,,,,,,,,,,,Guercino
310,13749,1912,"Buerkel, Ludwig von",Mal. Bar.,vor 1894,Anderson,70013030,,Bild,Der Wald der Philosophen,,,"Rosa, Salvator",Firenze,"Galleria Palatina, Palazzo Pitti",,,,,,,,,,,,,,,,,,,,,,,,,,,,Salvator Rosa
311,13423,1912,"Buerkel, Ludwig von",Mal. Ren.,vor 1903,Hanfstaengl,07702841,,Bild,Heiliger Liberalis,,,Giorgione,London,National Gallery,,,,,,,,,,,,,,,,,,,,,,,,,,,,Giorgione
313,13575,1912,"Buerkel, Ludwig von",Mal. Ren.,vor 1901,Anderson,70013068,,Bild,Kreuzabnahme,,,"Vasari, Giorgio",Rom,Galleria Doria Pamphilj,,,1533-1538,,,,,,,,,,,,,,,,,,,,,,,,,Giorgio Vasari
314,13777,1912,"Buerkel, Ludwig von",Mal. Bar.,vor 1912,"Hermans, Gustave",70013206,,Bild,Ruinen mit Figuren,,,"Pannini, Giovanni Paolo",Brüssel,Musées Royaux des Beaux-Arts de Belgique,,,,,,,,,,,,,,,,,,,,,,,,,,,,Giovanni Paolo Pannini
315,13606,1912,"Buerkel, Ludwig von",Mal. Bar.,vor 1899,Brogi,70013109,,Bild,Christus und der ungläubige Thomas,,,"Strozzi, Bernardo",Genua,Galleria di Palazzo Rosso,,,um 1630,,,,,,,,,,,,,,,,,,,,,,,,,Bernardo Strozzi
319,13232,1912,"Buerkel, Ludwig von",Mal. Ren.,vor 1903,Hanfstaengl,07770005,,Bild,Der heilige Hieronymus im Studierzimmer,,,Antonello da Messina,London,National Gallery,,,um 1474,,,,,,,,,,,,,,,,,,,,,,,,,Antonello da Messina
321,13171,1912,"Buerkel, Ludwig von",Mal. Ren.,1897,Bruckmann,07701994,,Bild,Maria mit dem Kind und einem Engel,,,Lorenzo di Credi,Malibu,J. Paul Getty Museum,,,,,,,,,,,,,,,,,,,,,,,,,,,,Lorenzo di Credi
324,13498,1912,"Buerkel, Ludwig von",Mal. Ren.,vor 1896,Alinari,70013031,,Bild,Anbetung der heiligen drei Könige,,,"Pontormo, Jacopo",Firenze,"Galleria Palatina, Palazzo Pitti",,,1520,,,,,,,,,,,,,,,,,,,,,,,,,Jacopo Pontormo
326,13582,1912,"Buerkel, Ludwig von",Mal. Ren.,vor 1907,Anderson,70013140,,Wandbild,Kreuzabnahme,,,Daniele da Volterra,Rom,Santissima Trinità dei Monti,Rom,Santissima Trinità dei Monti,,,,,,,,,,,,,,,,,,,,,,,,,,Daniele da Volterra
328,13127,1912,"Buerkel, Ludwig von",Mal. Ren.,vor 1903,Hanfstaengl,70013043,,Bild,Maria mit Kind und einem Stiftenpaar,,,"Bellini, Gentile",Berlin,"Gemäldegalerie, Staatliche Museen zu Berlin - Preußischer Kulturbesitz",,,um 1460,,,,,,,,,,,,,,,,,,,,,,,,,Gentile Bellini
330,13301,1912,"Buerkel, Ludwig von",Mal. Ren.,vor 1903,Hanfstaengl,70013055,,Bild,Der heilige Christophorus,,,"Tura, Cosimo",Berlin,"Gemäldegalerie, Staatliche Museen zu Berlin - Preußischer Kulturbesitz",,,um 1484,,,,,,,,,,,,,,,,,,,,,,,,,Cosimo Tura
333,13465,1912,"Buerkel, Ludwig von",Mal. Ren.,vor 1903,Hanfstaengl,70013067,,Bild,"Die heilige Justina, von einem Stifter verehrt",,,"Moretto, Alessandro",Wien,Kunsthistorisches Museum Wien,,,1530/1534,,,,,,,,,,,,,,,,,,,,,,,,,Alessandro Moretto
336,13487,1912,"Buerkel, Ludwig von",Mal. Ren.,vor 1912,Hanfstaengl,07901936,,Bild,Madonna mit Kind und dem heiligen Bruno,,,"Mazzola-Bedoli, Girolamo",München,Bayerische Staatsgemäldesammlungen,,,,,,,,,,,,,,,,,,,,,,,,,,,,Girolamo Mazzola-Bedoli
338,13456,1912,"Buerkel, Ludwig von",Mal. Ren.,1900,"Schwarz, Arthur",07700239,,Bild,Bildnis Michelangelo Buonarroti,,,"Venusti, Marcello",Rom,Pinacoteca Capitolina,,,,,,,,,,,,,,,,,,,,,,,,,,,,Marcello Venusti
341,13439,1912,"Buerkel, Ludwig von",Mal. Ren.,vor 1896,Alinari,70013057,,Bild,Die heilige Maria Magdalena,,,"Ubertini, Francesco",Florenz,"Galleria Palatina, Palazzo Pitti",,,um 1530,,,,,,,,,,,,,,,,,,,,,,,,,Francesco Ubertini
344,13526,1912,"Buerkel, Ludwig von",Mal. Ren.,vor 1903,Brogi,70013207,,Bild,"Madonna in der Glorie mit den heiligen Lucia, Agatha und Märtyrern",,,"Rizzo, Antonio",Messina,Chiesa di Santa Lucia,Messina,Chiesa di Santa Lucia,1591,,,,,,,,,,,,,,,,,,,,,,,,,Antonello Riccio
345,13572,1912,"Buerkel, Ludwig von",Mal. Ren.,vor 1899,Anderson,70013069,,Bild,Die drei Grazien,,,"Manetti, Rutilio di Lorenzo",Rom,Galleria Borghese,,,,,,,,,,,,,,,,,,,,,,,,,,,,Rutilio di Lorenzo Manetti
346,13128,1912,"Buerkel, Ludwig von",Mal. Ren.,1895,Hanfstaengl,07705394,,Bild,Heiliger Sebastian,,,"Basaiti, Marco",Berlin,Staatliche Museen zu Berlin - Preußischer Kulturbesitz,,,,,,,,,,,,,,,,,,,,,,,,,,,,Marco Basaiti
348,13568,1912,"Buerkel, Ludwig von",Mal. Ren.,vor 1912,Hanfstaengl,07703028,,Bild,Selbstbildnis,,,Tizian,Berlin,Staatliche Museen zu Berlin - Preußischer Kulturbesitz,,,um 1550,,,,,,,,,,,,,,,,,,,,,,,,,Tizian
351,13694,1912,"Buerkel, Ludwig von",Mal. Bar.,vor 1899,Alinari,70013020,,Bild,Die Rückkehr des verlorenen Sohnes,,,Guercino,Turin,Galleria Sabauda,,,1617?,,,,,,,,,,,,,,,,,,,,,,,,,Guercino
352,13497,1912,"Buerkel, Ludwig von",Mal. Ren.,vor 1897,Hanfstaengl,70013032,,Bild,Bildnis des Kardinals Rodolfo Pio,,,"Salviati, Francesco",Wien,Kunsthistorisches Museum Wien,,,1540/1550,,,,,,,,,,,,,,,,,,,,,,,,,Francesco Salviati
354,13351,1912,"Buerkel, Ludwig von",Mal. Ren.,vor 1903,Hanfstaengl,70013044,,Bild,Thronende Maria mit Kind und Heiligen,,,"Bordone, Paris",Berlin,"Gemäldegalerie, Staatliche Museen zu Berlin - Preußischer Kulturbesitz",Belluno,Santa Maria dei Battuti,um 1548,,,,,,,,,,,,,,,,,,,,,,,,,Paris Bordone
355,13315,1912,"Buerkel, Ludwig von",Mal. Ren.,vor 1903,Hanfstaengl,70013056,,Bild,Bildnis von Gabrielle d'Eströes,,,Leonardo da Vinci,Althorp,,,,1576/1600,,,,,,,,,,,,,,,,,,,,,,,,,Leonardo da Vinci
373,13474,1912,"Buerkel, Ludwig von",Mal. Roman.,vor 1911,Alinari,07650449,,Innenausstattung,Innendekoration von San Bevignate in Perugia,,Fragment,Meister der San Bevignate,Perugia,San Bevignate,Perugia,San Bevignate,1201/1300,,,,,,,,,,,,,,"07650449,T,004",Wanddekoration,"Nordwand mit Fries, Apostel- und Heiligendarstellungen",,,,,,,,,Meister der San Bevignate
377,13476,1912,"Buerkel, Ludwig von",Mal. Roman.,vor 1911,Alinari,07650449,,Innenausstattung,Innendekoration von San Bevignate in Perugia,,Fragment,Meister der San Bevignate,Perugia,San Bevignate,Perugia,San Bevignate,1201/1300,,,,,,,,,,,,,,"07650449,T,004",Wanddekoration,"Nordwand mit Fries, Apostel- und Heiligendarstellungen",,,,,,,,,Meister der San Bevignate
386,13472,1912,"Buerkel, Ludwig von",Mal. Roman.,vor 1911,Alinari,07650449,,Innenausstattung,Innendekoration von San Bevignate in Perugia,,Fragment,Meister der San Bevignate,Perugia,San Bevignate,Perugia,San Bevignate,1201/1300,,,,,,,,,,,,,,"07650449,T,006",Wandbild,Nordwand des Chores mit Darstellungen von Heiligen und des letzten Abendmahles,,,,,,,,,Meister der San Bevignate
388,13673,1912,"Buerkel, Ludwig von",Mal. Ren.,vor 1903,Hanfstaengl,70013153,,Bild,Der heilige Sebastian,,,"Reni, Guido",Wien,Sammlung Graf von Czernin,,,,,,,,,,,,,,,,,,,,,,,,,,,,Guido Reni
389,13154,1912,"Buerkel, Ludwig von",Mal. Ren.,vor 1912,"Stieglitz, Alfred",70013141,,Bild,Madonna mit Kind,,,Franciabigio,Rom,Galleria Corsini,,,,,,,,,,,,,,,,,,,,,,,,,,,,Franciabigio
390,13489,1912,"Buerkel, Ludwig von",Mal. Ren.,vor 1901,Anderson,70013006,,Bild,Geburt Christi,,,Parmigianino,Rom,Galleria Doria Pamphilj,,,1520/1530,,,,,,,,,,,,,,,,,,,,,,,,,Parmigianino
391,13297,1912,"Buerkel, Ludwig von",Mal. Ren.,vor 1903,Hanfstaengl,70013115,,Bild,Anbetung der Hirten,,,"Signorelli, Luca",London,National Gallery,,,um 1496,,,,,,,,,,,,,,,,,,,,,,,,,Luca Signorelli
392,13664,1912,"Buerkel, Ludwig von",Mal. Bar.,vor 1899,Brogi,70013018,,Bild,Die heilige Franziska von Rom,,,Guercino,Genua,Santa Maria Assunta in Carignano,Genua,Santa Maria Assunta in Carignano,1656,,,,,,,,,,,,,,,,,,,,,,,,,Guercino
393,13727,1912,"Buerkel, Ludwig von",Mal. Bar.,vor 1899,Brogi,70013103,,Bild,Petrus heilt einen Lahmen,,,"Piola, Domenico (1627)",Genova,Chiesa di Nostra Signora Assunta di Carignano,,,1694/1696,,,,,,,,,,,,,,,,,,,,,,,,,Domenico Piola
394,13616,1912,"Buerkel, Ludwig von",Mal. Bar.,vor 1897,Bruckmann,70013212,,Bild,Die heilige Maria Magdalena,,,"Dolci, Carlo",München,Alte Pinakothek München,,,,,,,,,,,,,,,,,,,,,,,,,,,,Carlo Dolci
395,13686,1912,"Buerkel, Ludwig von",Mal. Bar.,vor 1903,Hanfstaengl,70013200,,Bild,Der heilige Hieronymus in der Wüste,,,Guercino,Wien,Fürstliche Sammlungen Liechtenstein,,,,,,,,,,,,,,,,,,,,,,,,,,,,Guercino
396,13706,1912,"Buerkel, Ludwig von",Mal. Bar.,vor 1903,Hanfstaengl,07503267,,Altarbild,Maria Magdalena und Engel,,,Guercino,Vatikan,"Monumenti, Musei e Gallerie Pontificie",Rom,Santa Maria Maddalena delle Convertite,1622,,,,,,,,,,,,,,,,,,,,,,,,,Guercino
398,13656,1912,"Buerkel, Ludwig von",Mal. Bar.,vor 1902,Bruckmann,70012999,,Bild,Diana,,verschollen,Guercino,Dresden,Gemäldegalerie Alte Meister Dresden,,,1645,,,,,,,,,,,,,,,,,,,,,,,,,Guercino
399,13311,1912,"Buerkel, Ludwig von",Mal. Ren.,vor 1903,Hanfstaengl,70013139,,Bild,Felsgrottenmadonna,,,Leonardo da Vinci,London,National Gallery,,,1491/1508,,,,,,,,,,,,,,,,,,,,,,,,,Leonardo da Vinci
404,13363,1912,"Buerkel, Ludwig von",Mal. Ren.,vor 1899,Brogi,70013127,,Bild,Die heilige Familie mit dem Johannesknaben,,,"Cambiaso, Luca",Genua,Museo e Galleria dell'Accademia Ligustica di Belle Arti,,,,,,,,,,,,,,,,,,,,,,,,,,,,Luca Cambiaso
406,13536,1912,"Buerkel, Ludwig von",Mal. Ren.,vor 1894,"Tamme, Rudolph",07703459,,Bild,Abrahams Opfer,,,Andrea del Sarto,Dresden,Staatliche Kunstsammlungen Dresden,,,um 1527/1528,,,,,,,,,,,,,,,,,,,,,,,,,Andrea del Sarto
409,13163,1912,"Buerkel, Ludwig von",Mal. Ren.,1900,"Tamme, Rudolph",70004691,,Bild,Mariä Tempelgang,,,"Cima da Conegliano, Giovanni Battista",Dresden,Staatliche Kunstsammlungen Dresden,,,um 1496/1497,,,,,,,,,,,,,,,,,,,,,,,,,Giovanni Battista Cima da Conegliano
413,13262,1912,"Buerkel, Ludwig von",Mal. Ren.,vor 1899,Hanfstaengl,70013061,,Bild,Maria mit Kind,,,"Ingegno, Andrea di Luigi",Berlin,"Gemäldegalerie, Staatliche Museen zu Berlin - Preußischer Kulturbesitz",,,,,,,,,,,,,,,,,,,,,,,,,,,,Andrea di Luigi Ingegno
414,13427,1912,"Buerkel, Ludwig von",Mal. Ren.,vor 1897,Hanfstaengl,07702859,,Bild,Bildnis eines jungen Mannes,,,"Lotto, Lorenzo",Berlin,Staatliche Museen zu Berlin - Preußischer Kulturbesitz,,,1526,,,,,,,,,,,,,,,,,,,,,,,,,Lorenzo Lotto
424,13176,1912,"Buerkel, Ludwig von",Mal. Ren.,vor 1901,Anderson,70013085,,Bild,Der heilige Jakob,,,"Crivelli, Carlo",Rom,Musei Vaticani,,,1477,,,,,,,,,,,,,,,,,,,,,,,,,Carlo Crivelli
425,13731,1912,"Buerkel, Ludwig von",Mal. Bar.,vor 1887,"Braun, Adolphe",70013104,,Bild,Der heilige Sebastian,,,"Reni, Guido",Paris,Musée du Louvre,,,,,,,,,,,,,,,,,,,,,,,,,,,,Guido Reni
426,13469,1912,"Buerkel, Ludwig von",Mal. Ren.,vor 1896,Alinari,70013007,,Bild,Die Anbetung der Hirten,,,"Salviati, Francesco",Florenz,Galleria degli Uffizi,,,1549/1554,,,,,,,,,,,,,,,,,,,,,,,,,Francesco Salviati
428,13184,1912,"Buerkel, Ludwig von",Mal. Ren.,vor 1897,Bruckmann,70013213,,Bild,Bildnis des Franziskus Braccius,tridentinisch,,No Data,München,Alte Pinakothek München,,,um 1490,,,,,,,,,,,,,,,,,,,,,,,,,No Data
429,13478,1912,"Buerkel, Ludwig von",Mal. Ren.,1899,"Tamme, Rudolph",07702810,,Bild,Ruhende Venus,,,"Palma, Jacopo (1480)",Dresden,Staatliche Kunstsammlungen Dresden,,,,,,,,,,,,,,,,,,,,,,,,,,,,Jacopo Palma
431,13690,1912,"Buerkel, Ludwig von",Mal. Bar.,vor 1878,Brogi,70013019,,Bild,Madonna mit Kind,,,Guercino,Turin,Galleria Sabauda,,,1651,,,,,,,,,,,,,,,,,,,,,,,,,Guercino
432,13748,1912,"Buerkel, Ludwig von",Mal. Bar.,vor 1897,Bruckmann,70013201,,Bild,Landschaft mit Reitern,,,"Rosa, Salvator",München,Alte Pinakothek München,,,,,,,,,,,,,,,,,,,,,,,,,,,,Salvator Rosa
433,13411,1912,"Buerkel, Ludwig von",Mal. Ren.,vor 1897,Bruckmann,70013128,,Bild,Musikalische Unterhaltung,,,"Florigerio, Sebastiano",München,Alte Pinakothek München,,,,,,,,,,,,,,,,,,,,,,,,,,,,Sebastiano Florigerio
436,13266,1912,"Buerkel, Ludwig von",Mal. Ren.,vor 1912,"Mannelli, Anchise",70013116,,Bild,Justitia,,,"Pollaiuolo, Antonio di Jacopo d'Antonio del",Florenz,Galleria degli Uffizi,,,1469/1470,,,,,,,,,,,,,,,,,,,,,,,,,Antonio del Pollaiuolo
439,13141,1912,"Buerkel, Ludwig von",Mal. Ren.,vor 1903,Hanfstaengl,07703325,,Bild,Madonna,,,"Botticelli, Sandro",Mailand,,,,,,,,,,,,,,,,,,,,,,,,,,,,,Sandro Botticelli
441,13225,1912,"Buerkel, Ludwig von",Mal. Ren.,vor 1901,"Braun, Adolphe",70013086,,Bild,Madonna della Vittoria,,,"Mantegna, Andrea",Paris,Musée du Louvre,,,,,,,,,,,,,,,,,,,,,,,,,,,,Andrea Mantegna
442,13399,1912,"Buerkel, Ludwig von",Mal. Ren.,vor 1894,"Tamme, Rudolph",70013050,,Bild,Die Madonna des heiligen Georg,,,Correggio,Dresden,Gemäldegalerie Alte Meister Dresden,,,,,,,,,,,,,,,,,,,,,,,,,,,,Correggio
448,13168,1912,"Buerkel, Ludwig von",Mal. Ren.,vor 1894,"Tamme, Rudolph",70013062,,Bild,Die Verkündigung,,,"Cossa, Francesco del",Dresden,Gemäldegalerie Alte Meister Dresden,,,,,,,,,,,,,,,,,,,,,,,,,,,,Francesco del Cossa
452,13322,1912,"Buerkel, Ludwig von",Mal. Ren.,vor 1912,unbekannt,70013214,,Bild,Madonna mit Kind und Engeln,florentinisch,,No Data,,unbekannt,,,1476/1500,,,,,,,,,,,,,,,,,,,,,,,,,No Data
453,13747,1912,"Buerkel, Ludwig von",Mal. Bar.,vor 1897,Bruckmann,70013202,,Bild,Küstenlandschaft mit Schloss,,,"Rosa, Salvator",München,Alte Pinakothek München,,,,,,,,,,,,,,,,,,,,,,,,,,,,Salvator Rosa
454,13537,1912,"Buerkel, Ludwig von",Mal. Ren.,vor 1899,Anderson,70013008,,Bild,"Madonna mit Kind, dem Johannesknaben und dem heiligen Joseph",,,"Scarsella, Ippolito",Rom,Galleria Borghese,,,1592/1593,,,,,,,,,,,,,,,,,,,,,,,,,Ippolito Scarsella
455,13403,1912,"Buerkel, Ludwig von",Mal. Ren.,vor 1899,unbekannt,70013129,,Bild,Allegorie der Wollust,,,"Cariani, Giovanni",Rom,Galleria Borghese,,,,,,,,,,,,,,,,,,,,,,,,,,,,Giovanni Cariani
456,13286,1912,"Buerkel, Ludwig von",Mal. Ren.,vor 1896,Alinari,70013117,,Bild,Prudentia,,,"Pollaiuolo, Antonio di Jacopo d'Antonio del",Florenz,Galleria degli Uffizi,,,1469/1470,,,,,,,,,,,,,,,,,,,,,,,,,Antonio del Pollaiuolo
459,13636,1912,"Buerkel, Ludwig von",Mal. Bar.,vor 1912,unbekannt,70013105,,Bild,Anna Selbdritt,,,"Saraceni, Carlo",Rom,Galleria Nazionale d'Arte Antica,,,nach 1611,,,,,,,,,,,,,,,,,,,,,,,,,Carlo Saraceni
462,13586,1912,"Buerkel, Ludwig von",Mal. Ren.,vor 1912,unbekannt,70001692,,Altarbild,Anbetung der Hirten,,,"Neroni, Bartolommeo",Siena,San Niccolò al Carmine,Siena,San Niccolò al Carmine,1570-1571,,,,,,,,,,,,,,,,,,,,,,,,,Bartolommeo Neroni
463,13682,1912,"Buerkel, Ludwig von",Mal. Bar.,vor 1903,Hanfstaengl,07701497,,Bild,Der ungläubige Thomas,,,Guercino,Vatikan,"Monumenti, Musei e Gallerie Pontificie",,,nach 1621,,,,,,,,,,,,,,,,,,,,,,,,,Guercino
465,13285,1912,"Buerkel, Ludwig von",Mal. Ren.,vor 1912,Alinari,70013075,,Retabel,Seitentafeln mit Heiligem Augustinus und Schmerzensmutter,,,"Botticini, Francesco",Florenz,Galleria dell'Accademia,,,1471,,,,,,,,,,,,,,,,,,,,,,,,,Francesco Botticini
470,13348,1912,"Buerkel, Ludwig von",Mal. Ren.,vor 1896,Alinari,70013051,,Bild,Die Heilige Familie mit dem Johannesknaben,,,"Beccafumi, Domenico",Florenz,"Galleria Palatina, Palazzo Pitti",,,um 1523,,,,,,,,,,,,,,,,,,,,,,,,,Domenico Beccafumi
471,13169,1912,"Buerkel, Ludwig von",Mal. Ren.,vor 1903,Hanfstaengl,70013063,,Bild,"Atlante, im Wettlauf von Hippomenes besiegt",,,"Roberti, Ercole de'",Berlin,"Gemäldegalerie, Staatliche Museen zu Berlin - Preußischer Kulturbesitz",,,,,,,,,,,,,,,,,,,,,,,,,,,,Ercole de' Roberti
472,13773,1912,"Buerkel, Ludwig von",Mal. Bar.,vor 1912,"Dubray, Luigi",70013203,,Bild,Veduta des Castel Nuovo in Neapel,,,"Joli, Antonio",,unbekannt,,,,,,,,,,,,,,,,,,,,,,,,,,,,Antonio Joli
473,13402,1912,"Buerkel, Ludwig von",Mal. Ren.,vor 1901,Anderson,70013009,,Bild,Allegorie der Tugend,,unvollendet,Correggio,Rom,Galleria Doria Pamphilj,,,1525/1530,,,,,,,,,,,,,,,,,,,,,,,,,Correggio
476,13288,1912,"Buerkel, Ludwig von",Mal. Ren.,vor 1896,Alinari,70013118,,Bild,Caritas,,,"Pollaiuolo, Antonio di Jacopo d'Antonio del",Florenz,Galleria degli Uffizi,,,1469/1470,,,,,,,,,,,,,,,,,,,,,,,,,Antonio del Pollaiuolo
478,13503,1912,"Buerkel, Ludwig von",Mal. Bar.,vor 1897,Bruckmann,70013106,,Bild,Heilige Familie,,,"Procaccini, Giulio Cesare",München,Alte Pinakothek München,,,,,,,,,,,,,,,,,,,,,,,,,,,,Giulio Cesare Procaccini
481,13422,1912,"Buerkel, Ludwig von",Mal. Ren.,1900,"Tamme, Rudolph",07701001,,Bild,Schlafende Venus,,,Giorgione,Dresden,Staatliche Kunstsammlungen Dresden,,,um 1510,,,,,,,,,,,,,,,,,,,,,,,,,Giorgione
487,13129,1912,"Buerkel, Ludwig von",Mal. Ren.,1899,Bruckmann,07700384,,Bild,"Maria mit dem Kind, Johannes der Täufer und heilige Elisabeth",,,"Bellini, Giovanni (1430)",Frankfurt (Main),Städelsches Kunstinstitut und Städtische Galerie,,,,,,,,,,,,,,,,,,,,,,,,,,,,Giovanni Bellini
490,13547,1912,"Buerkel, Ludwig von",Mal. Ren.,vor 1912,Hanfstaengl,07703129,,Bild,Venus und Adonis,,,Tizian,Washington,National Gallery of Art,,,um 1560/1565,,,,,,,,,,,,,,,,,,,,,,,,,Tizian
504,13159,1912,"Buerkel, Ludwig von",Mal. Ren.,vor 1894,"Tamme, Rudolph",70013064,,Bild,Maria mit dem Kind zwischen zwei Engeln,,,"Caroto, Giovanni Francesco",Dresden,Gemäldegalerie Alte Meister Dresden,,,um 1508,,,,,,,,,,,,,,,,,,,,,,,,,Giovanni Francesco Caroto
505,13667,1912,"Buerkel, Ludwig von",Mal. Bar.,vor 1912,Brogi,70013076,,Bild,Sterbende Kleopatra,,,Guercino,Genua,Galleria di Palazzo Rosso,,,1648,,,,,,,,,,,,,,,,,,,,,,,,,Guercino
507,13428,1912,"Buerkel, Ludwig von",Mal. Ren.,vor 1903,Hanfstaengl,70013088,,Bild,Männliches Bildnis,norditalienisch,,No Data,London,National Gallery,,,1520/1530,,,,,,,,,,,,,,,,,,,,,,,,,No Data
509,13418,1912,"Buerkel, Ludwig von",Mal. Ren.,vor 1895,Hanfstaengl,70013040,,Bild,Die Anbetung der Könige,,,Garofalo,Berlin,"Gemäldegalerie, Staatliche Museen zu Berlin - Preußischer Kulturbesitz",,,,,,,,,,,,,,,,,,,,,,,,,,,,Garofalo
510,13653,1912,"Buerkel, Ludwig von",Mal. Bar.,vor 1903,Hanfstaengl,70013197,,Bild,Der heilige Johannes der Täufer,,,"Reni, Guido",Windsor,Royal Collection,,,,,,,,,,,,,,,,,,,,,,,,,,,,Guido Reni
511,13347,1912,"Buerkel, Ludwig von",Mal. Ren.,vor 1897,Bruckmann,70013052,,Bild,Die Heilige Familie mit dem Johannesknaben,,,"Beccafumi, Domenico",München,Alte Pinakothek München,,,um 1515,,,,,,,,,,,,,,,,,,,,,,,,,Domenico Beccafumi
514,13677,1912,"Buerkel, Ludwig von",Mal. Bar.,vor 1903,Hanfstaengl,70013002,,Bild,Ecce Homo,,,Guercino,München,Bayerische Staatsgemäldesammlung,Oberschleißheim,Schloss Schleißheim,1647,,,,,,,,,,,,,,,,,,,,,,,,,Guercino
515,13426,1912,"Buerkel, Ludwig von",Mal. Ren.,vor 1903,Hanfstaengl,07700612,,Retabel,Heilige Christophorus und Sebastian,,Fragment,"Lotto, Lorenzo",Berlin,Staatliche Museen zu Berlin - Preußischer Kulturbesitz,Castelplanio,San Sebastiano,1531,,,,,,,,,,,,,,,,,,,,,,,,,Lorenzo Lotto
519,13641,1912,"Buerkel, Ludwig von",Mal. Bar.,vor 1912,unbekannt,70013014,,Bild,Bildnis eines jungen Mannes,,beschädigt,"Ghislandi, Vittore (Fra)",Belluno,Museo Civico di Belluno,,,1732/1743,,,,,,,,,,,,,,,,,,,,,,,,,Fra Vittore Ghislandi
521,13687,1912,"Buerkel, Ludwig von",Mal. Bar.,vor 1903,Hanfstaengl,70013026,,Bild,Martyrium der heiligen Katharina,,,Guercino,Sankt Petersburg,Staatliche Ermitage,,,1653-1654,,,,,,,,,,,,,,,,,,,,,,,,,Guercino
522,17594,1912,"Buerkel, Ludwig von",Mal. Bar.,vor 1912,Anderson,70013038,,Wandbild,Der Bau der Kirche in Grottaferrata,,,Domenichino,Grottaferrata,Abbazia di Grottaferrata,Grottaferrata,Abbazia di Grottaferrata,1608-1610,,,,,,,,,,,,,,,,,,,,,,,,,Domenichino
530,13461,1912,"Buerkel, Ludwig von",Mal. Ren.,vor 1907,Hanfstaengl,70005381,,Bild,Ein Edelmann und ein Poet in der Pose der Melancholia,,,"Moretto, Alessandro",London,National Gallery,,,um 1520/1545,,70005382,Bild,"['Porträt eines jungen Mannes in der Pose der Melancholia', 'Fortunato Martinengo Cesaresco']",,,,London,National Gallery,,,,,,,,,,,,,,,,Alessandro Moretto
531,13659,1912,"Buerkel, Ludwig von",Mal. Bar.,vor 1902,Bruckmann,70012983,,Bild,Ekstase des heiligen Franziskus,,,Guercino,Dresden,Gemäldegalerie Alte Meister Dresden,,,um 1620,,,,,,,,,,,,,,,,,,,,,,,,,Guercino
532,13170,1912,"Buerkel, Ludwig von",Mal. Ren.,vor 1912,Hanfstaengl,07701932,,Pendants?,Maria von Ägypten,,,Lorenzo di Credi,Berlin,Staatliche Museen zu Berlin - Preußischer Kulturbesitz,,,,,"07701932,T,001",Bild,Maria von Ägypten,,,,Berlin,Staatliche Museen zu Berlin - Preußischer Kulturbesitz,,,,,,,,,,,,,,,,Lorenzo di Credi
534,13463,1912,"Buerkel, Ludwig von",Mal. Ren.,vor 1899,Bruckmann,70013081,,Bild,Thronende Madonna mit Kind und den heiligen Antonius Abbas und Sebastian,,,"Moretto, Alessandro",Frankfurt,Städel Museum,,,,,,,,,,,,,,,,,,,,,,,,,,,,Alessandro Moretto
535,13406,1912,"Buerkel, Ludwig von",Mal. Ren.,1895,Hanfstaengl,07704896,,Bild,Der büßende heilige Hieronymus,,,Maestro dei dodici Apostoli,Berlin,Staatliche Museen zu Berlin - Preußischer Kulturbesitz,,,,,,,,,,,,,,,,,,,,,,,,,,,,Maestro dei Dodici Apostoli
537,13660,1912,"Buerkel, Ludwig von",Mal. Bar.,vor 1902,Bruckmann,70013001,,Bild,Der Evangelist Johannes,,,Guercino,Dresden,Gemäldegalerie Alte Meister Dresden,,,um 1615,,,,,,,,,,,,,,,,,,,,,,,,,Guercino
539,13394,1912,"Buerkel, Ludwig von",Mal. Ren.,vor 1912,Hanfstaengl,07702827,,Bild,Der Knabe mit dem Pfeil,,,Giorgione,Wien,Kunsthistorisches Museum,,,,,,,,,,,,,,,,,,,,,,,,,,,,Giorgione
541,13763,1912,"Buerkel, Ludwig von",Mal. Bar.,vor 1899,Anderson,07604168,,Bild,Vision des heiligen Romuald,,,"Sacchi, Andrea",Rom,"Monumenti, Musei e Gallerie Pontificie",Rom,San Romualdo,1631,,,,,,,,,,,,,,,,,,,,,,,,,Andrea Sacchi
543,13391,1912,"Buerkel, Ludwig von",Mal. Bar.,vor 1912,unbekannt,70013093,,Bild,Maria Magdalena,,,"Galli, Giovanni Antonio",Montepulciano,Museo Civico,,,1630/1650,,,,,,,,,,,,,,,,,,,,,,,,,Giovanni Antonio Galli
544,13364,1912,"Buerkel, Ludwig von",Mal. Ren.,vor 1899,Brogi,70013122,,Bild,Pietà,,,"Cambiaso, Luca",Genua,Chiesa di Nostra Signora Assunta di Carignano,,,1571,,,,,,,,,,,,,,,,,,,,,,,,,Luca Cambiaso
545,17593,1924,"Buerkel, Ludwig von",Mal. Bar.,vor 1899,Anderson,70013110,,Deckenbild,Die Verklärung der heiligen Cäcilia,,,"Conca, Sebastiano",Rom,Santa Cecilia in Trastevere,Rom,Santa Cecilia in Trastevere,1721/1724,,,,,,,,,,,,,,,,,,,,,,,,,Sebastiano Conca
550,13565,1912,"Buerkel, Ludwig von",Mal. Ren.,vor 1912,"Tamme, Rudolph",07703022,,Bild,Bildnis einer Dame in Weiß,,,Tizian,Dresden,Staatliche Kunstsammlungen Dresden,,,um 1555,,,,,,,,,,,,,,,,,,,,,,,,,Tizian
560,13488,1912,"Buerkel, Ludwig von",Mal. Ren.,vor 1903,Hanfstaengl,70013039,,Bild,Bildnis eines Würdenträgers,,,Parmigianino,Wien,Kunsthistorisches Museum Wien,,,,,,,,,,,,,,,,,,,,,,,,,,,,Parmigianino
562,13628,1912,"Buerkel, Ludwig von",Mal. Bar.,vor 1912,Reali,70013112,,Bild,Circe,,,"Furini, Francesco",Lucca,Museo Nazionale di Palazzo Mansi,,,1721/1724,,,,,,,,,,,,,,,,,,,,,,,,,Francesco Furini
565,13658,1912,"Buerkel, Ludwig von",Mal. Bar.,vor 1902,Bruckmann,70013003,,Bild,Der Evangelist Matthäus,,,Guercino,Dresden,Gemäldegalerie Alte Meister Dresden,,,um 1615,,,,,,,,,,,,,,,,,,,,,,,,,Guercino
566,13666,1912,"Buerkel, Ludwig von",Mal. Bar.,vor 1912,Brogi,70013015,,Bild,"['Tempelreinigung', 'Vertreibung der Geldwechsler aus dem Tempel']",,,Guercino,Genua,Galleria di Palazzo Rosso,,,1634,,,,,,,,,,,,,,,,,,,,,,,,,Guercino
567,13683,1912,"Buerkel, Ludwig von",Mal. Bar.,vor 1912,Hanfstaengl,70013027,,Bild,Susanna im Bade,,,Guercino,Madrid,Museo del Prado,,,1617,,,,,,,,,,,,,,,,,,,,,,,,,Guercino
570,13500,1912,"Buerkel, Ludwig von",Mal. Ren.,vor 1912,Alinari,07703777,,Zyklus,Malerische Ausstattung,,,"Pontormo, Jacopo",Florenz,Santa Felicità,Florenz,Santa Felicità,1525-1528,,"07703777,T,002",Altarbild,Grablegung Christi,,,"Pontormo, Jacopo",,,,,,,,,,,,,,,,,,Jacopo Pontormo
610,13655,1912,"Buerkel, Ludwig von",Mal. Bar.,vor 1902,Bruckmann,70012996,,Bild,Der Tod des Adonis,,zerstört,Guercino,Dresden,Gemäldegalerie Alte Meister Dresden,,,,,,,,,,,,,,,,,,,,,,,,,,,,Guercino
611,13257,1912,"Buerkel, Ludwig von",Mal. Ren.,vor 1899,Anderson,70013070,,Bild,Marienkrönung,,,"Pintoricchio, Bernardino",Rom,Musei Vaticani,,,,,,,,,,,,,,,,,,,,,,,,,,,,Bernardino Pintoricchio
615,13662,1912,"Buerkel, Ludwig von",Mal. Bar.,vor 1903,Brogi,07503032,,Bild,Maria Magdalena in Betrachtung der Dornenkrone,,,Guercino,Neapel,Museo e Gallerie Nazionali di Capodimonte,Parma,Palazzo del Giardino,,,,,,,,,,,,,,,,,,,,,,,,,,Guercino
616,13680,1912,"Buerkel, Ludwig von",Mal. Bar.,vor 1903,Hanfstaengl,07503032,,Bild,Maria Magdalena in Betrachtung der Dornenkrone,,,Guercino,Neapel,Museo e Gallerie Nazionali di Capodimonte,Parma,Palazzo del Giardino,,,,,,,,,,,,,,,,,,,,,,,,,,Guercino
617,13770,1912,"Buerkel, Ludwig von",Mal. Bar.,vor 1907,Brogi,70008508,,Bild,Bildnis des Pietro Leopoldo I,,,"Lucci, Filippo",Florenz,Galleria degli Uffizi,,,1780,,,,,,,,,,,,,,,,,,,,,,,,,Filippo Lucci
619,13388,1912,"Buerkel, Ludwig von",Mal. Ren.,1899,Bruckmann,07701890,,Bild,Der heilige Hieronymus im Studierzimmer,,,"Catena, Vincenzo",Frankfurt (Main),Städelsches Kunstinstitut und Städtische Galerie,,,,,,,,,,,,,,,,,,,,,,,,,,,,Vincenzo Catena
621,13321,1912,"Buerkel, Ludwig von",Mal. Ren.,vor 1912,"Verri, Candido",70013343,,Bild,"Prozessionstafel, Rückseite: Auferstandener Christus",,,"Mattioli, Battista di Baldassare",Perugia,Museo Capitolare,Perugia,San Lorenzo,,,,,,,,,,,,,,,,,,,,,,,,,,Mattioli Battista di Baldassarre
627,13199,1912,"Buerkel, Ludwig von",Mal. Ren.,vor 1912,Hanfstaengl,70013082,,Retabel,Szenen aus dem Leben Christi,,,"Roberti, Ercole de'",London,National Gallery,,,,,,,,,,,,,,,,,,,,,,,,,,,,Ercole de' Roberti
628,13624,1912,"Buerkel, Ludwig von",Mal. Franz.,vor 1912,unbekannt,70013111,,Bild,Felsenlandschaft mit Figuren und Wasserfall,,,"Dughet, Gaspard",Rom,Galleria Colonna,,,,,,,,,,,,,,,,,,,,,,,,,,,,Gaspard Dughet
629,13359,1912,"Buerkel, Ludwig von",Mal. Ren.,vor 1894,Anderson,70013094,,Bild,Männliches Bildnis,,,"Bronzino, Agnolo",Florenz,Galleria degli Uffizi,,,1530/1532,,,,,,,,,,,,,,,,,,,,,,,,,Agnolo Bronzino
630,13650,1912,"Buerkel, Ludwig von",Mal. Bar.,vor 1903,Hanfstaengl,70013028,,Bild,Der heilige Sebastian,,,Guercino,Wien,Kunsthistorisches Museum Wien,,,,,,,,,,,,,,,,,,,,,,,,,,,,Guercino
631,13407,1912,"Buerkel, Ludwig von",Mal. Ren.,vor 1903,Brogi,70013137,,Bild,Der heilige Ivo,,,Jacopo da Empoli,Florenz,"Galleria Palatina, Palazzo Pitti",,,1616,,,,,,,,,,,,,,,,,,,,,,,,,Jacopo da Empoli
632,13197,1912,"Buerkel, Ludwig von",Mal. Ren.,vor 1903,Hanfstaengl,70013113,,Bild,Madonna mit Kind und den Heiligen Magdalena und Martha,,zerstört,"Gozzoli, Benozzo",Berlin,"Gemäldegalerie, Staatliche Museen zu Berlin - Preußischer Kulturbesitz",,,1665/1670,,,,,,,,,,,,,,,,,,,,,,,,,Benozzo Gozzoli
636,13688,1912,"Buerkel, Ludwig von",Mal. Bar.,vor 1903,Brogi,70013004,,Bild,Die heilige Margareta von Cortona,,,Guercino,Rom,Musei Vaticani,,,1646-1648,,,,,,,,,,,,,,,,,,,,,,,,,Guercino
637,13665,1912,"Buerkel, Ludwig von",Mal. Bar.,vor 1899,Brogi,70013016,,Bild,"Madonna mit Kind, dem Johannesknaben und den heiligen Evangelisten Johannes und Bartholomäus",,,Guercino,Genua,Galleria di Palazzo Rosso,,,1652,,,,,,,,,,,,,,,,,,,,,,,,,Guercino
638,13182,1912,"Buerkel, Ludwig von",Mal. Ren.,vor 1912,unbekannt,07503386,,Bild,Kalvarienberg,florentinisch,,No Data,Frankfurt (Main),Städelsches Kunstinstitut und Städtische Galerie,,,1401/1500,,,,,,,,,,,,,,,,,,,,,,,,,No Data
650,13672,1912,"Buerkel, Ludwig von",Mal. Bar.,vor 1903,Hanfstaengl,07502924,,Bild,Sibilla Samia,,,Guercino,Florenz,Galleria degli Uffizi,,,1644,,,,,,,,,,,,,,,,,,,,,,,,,Guercino
652,13684,1912,"Buerkel, Ludwig von",Mal. Bar.,vor 1902,Bruckmann,70012997,,Bild,Die Geburt des Adonis,,verschollen,Guercino,Dresden,Gemäldegalerie Alte Meister Dresden,,,,,,,,,,,,,,,,,,,,,,,,,,,,Guercino
653,13304,1912,"Buerkel, Ludwig von",Mal. Ren.,vor 1907,"Braun, Adolphe",07700658,,Bild,Heilige Familie mit Heiligen,,,"Carpaccio, Vittore",Avignon,Musée du Petit Palais,,,um 1500,,,,,,,,,,,,,,,,,,,,,,,,,Vittore Carpaccio
666,13242,1912,"Buerkel, Ludwig von",Mal. Ren.,vor 1893,Alinari,70013100,,Wandbild,Madonna mit Kind und Heiligen,,,Perugino,Perugia,San Lorenzo,Perugia,San Lorenzo,1500/1510,,,,,,,,,,,,,,,,,,,,,,,,,Perugino
667,13178,1912,"Buerkel, Ludwig von",Mal. Ren.,vor 1903,Hanfstaengl,70013083,,Predella,Pietà mit Maria und Heiligen,,zerstört,"Crivelli, Carlo",Berlin,"Gemäldegalerie, Staatliche Museen zu Berlin - Preußischer Kulturbesitz",,,,,,,,,,,,,,,,,,,,,,,,,,,,Carlo Crivelli
668,13355,1912,"Buerkel, Ludwig von",Mal. Ren.,vor 1899,Anderson,70013095,,Bild,"Venus, Amor und Satyr",,,"Bronzino, Agnolo",Rom,Galleria Colonna,,,um 1555,,,,,,,,,,,,,,,,,,,,,,,,,Agnolo Bronzino
669,13444,1912,"Buerkel, Ludwig von",Mal. Ren.,vor 1915,Hanfstaengl,07704807,,Bild,Büßende Magdalena,,,"Rizzoli, Giovanni Pietro",,,,,,,,,,,,,,,,,,,,,,,,,,,,,,Giovanni Pietro Rizzoli
670,13692,1912,"Buerkel, Ludwig von",Mal. Bar.,vor 1899,Alinari,70013017,,Bild,Die heilige Franziska von Rom,,,Guercino,Turin,Galleria Sabauda,,,1656,,,,,,,,,,,,,,,,,,,,,,,,,Guercino
671,13742,1912,"Buerkel, Ludwig von",Mal. Bar.,vor 1912,unbekannt,70013029,,Bild,Kopf der Samariterin,,Fragment,"Ricci, Sebastiano",Belluno,Museo Civico di Belluno,Belluno,Villa Belvedere,1718,,,,,,,,,,,,,,,,,,,,,,,,,Sebastiano Ricci
673,13209,1912,"Buerkel, Ludwig von",Mal. Ren.,vor 1907,"Braun, Adolphe",70013114,,Bild,Anbetung des Christuskindes,,,Diamante di Feo,Paris,Musée du Louvre,,,1470/1472,,,,,,,,,,,,,,,,,,,,,,,,,Diamante di Feo
675,13627,1912,"Buerkel, Ludwig von",Mal. Bar.,vor 1912,unbekannt,70013102,,Bild,Erminia und Vafrino mit dem verwundeten Tancred,,,"Turchi, Alessandro (1578)",Budapest,Szépmüvészeti Múzeum,,,um 1633,,,,,,,,,,,,,,,,,,,,,,,,,Alessandro Turchi
676,13617,1912,"Buerkel, Ludwig von",Mal. Bar.,vor 1912,unbekannt,70013211,,Bild,Junge mit Falken,,,"Balassi, Mario",Sankt Petersburg,Staatliche Ermitage,,,,,,,,,,,,,,,,,,,,,,,,,,,,Mario Balassi
677,13723,1912,"Buerkel, Ludwig von",Mal. Bar.,vor 1900,Anderson,70013005,,Bild,Gruppenporträt der Familie des Künstlers mit Musikinstrumenten,,,"Nuvolone, Carlo Francesco",Mailand,Pinacoteca di Brera,,,1649-1651,,,,,,,,,,,,,,,,,,,,,,,,,Carlo Francesco Nuvolone
679,13440,1912,"Buerkel, Ludwig von",Mal. Ren.,vor 1896,Alinari,70013138,,Bild,Frauenbildnis,toskanisch,,No Data,Florenz,"Galleria Palatina, Palazzo Pitti",,,1520,,,,,,,,,,,,,,,,,,,,,,,,,No Data
682,13485,1912,"Buerkel, Ludwig von",Mal. Ren.,vor 1903,Brogi,07960374,,Altarbild,"Kreuzigung mit Maria, Johannes und Thomas von Aquin",,,Paolino (Fra),Pistoia,San Domenico,Pistoia,San Domenico,um 1533,,,,,,,,,,,,,,,,,,,,,,,,,Fra Paolino
684,13253/1,1912,"Buerkel, Ludwig von",Mal. Ren.,vor 1912,unbekannt,07703521,,Bild,"Maria, Johannes Evangelista und der heilige Nikolaus (Augustinus?) beten das Christuskind an",,,Perugino,München,Bayerische Staatsgemäldesammlungen,,,um 1500,,,,,,,,,,,,,,,,,,,,,,,,,Perugino
689,13654,1912,"Buerkel, Ludwig von",Mal. Bar.,vor 1902,Bruckmann,70012998,,Bild,Venus an der Leiche des Adonis,,zerstört,Guercino,Dresden,Gemäldegalerie Alte Meister Dresden,,,1647,,,,,,,,,,,,,,,,,,,,,,,,,Guercino
694,13668,1912,"Buerkel, Ludwig von",Mal. Bar.,vor 1903,Hanfstaengl,07500419,,Bild,Abraham verstößt Hagar und Ismael,,,Guercino,Mailand,Pinacoteca di Brera,,,,,,,,,,,,,,,,,,,,,,,,,,,,Guercino
697,13638,1912,"Buerkel, Ludwig von",Mal. Bar.,vor 1899,Brogi,70012001,,Bild,Christuskind auf Wolken,,,"Gaulli, Giovanni Battista",Genua,Musei di Strada Nuova,,,1651/1700,,,,,,,,,,,,,,,,,,,,,,,,,Giovanni Battista Gaulli
699,13236,1912,"Buerkel, Ludwig von",Mal. Ren.,vor 1899,Hanfstaengl,70013060,,Bild,Maria mit Kind,,,"Morone, Francesco (1471)",Berlin,"Gemäldegalerie, Staatliche Museen zu Berlin - Preußischer Kulturbesitz",,,um 1526,,,,,,,,,,,,,,,,,,,,,,,,,Francesco Morone
700,13571,1912,"Buerkel, Ludwig von",Mal. Ren.,vor 1907,Anderson,70013210,,Wandbild,Die Geschichte von Amor und Psyche,,,"Vaga, Perino del",Rom,Castel Sant'Angelo,Rom,Castel Sant'Angelo,,,,,,,,,,,,,,,,,,,,,,,,,,Perino del Vaga
702,13177,1912,"Buerkel, Ludwig von",Mal. Ren.,vor 1912,Hanfstaengl,70013084,,Bild,Thronende Madonna mit Kind,,,"Crivelli, Carlo",Brüssel,Musées Royaux des Beaux-Arts de Belgique,,,,,,,,,,,,,,,,,,,,,,,,,,,,Carlo Crivelli
